particle,files tbin
pion,-t0.006750-0.020250
pion,-t0.020250-0.030750
pion,-t0.030750-0.042750
pion,-t0.042750-0.060750
pion,-t0.060750-0.110250