particle,files tbin
kaonL,-t0.062250-0.099750
kaonL,-t0.099750-0.123750
kaonL,-t0.123750-0.191250